納品番号	FBA15DDG6WB6
納品名	FBA STA (2023/04/12 09:53)-TYO2
納品プラン番号	
納品先	TYO2
SKU 合計	39
商品合計数	87

SKU	商品名	ASIN	FNSKU	製品コード	コンディション	梱包	梱包種類	ラベル貼付	同梱
1M-UIA7-WLFP	[Smart-Bear] T008 レインコート レインウェア 雨具 キッズ 子供 レインコート 可愛い 超軽量 通学 フクロウ 梅花 熊 パイナップル (L, ブルー)	B07RP5Y4R4	X000RJ3N3P	UPC: 703556062392	新品	不要	"--"	出品者	1
3T-Y9S7-7048	[Smart-Bear] W003 子供の靴下 立体 可愛い動物柄 通学 通園 キッズ ソックス 女の子 5足セット (L)	B07RNDP5VC	X000RJN7VX	UPC: 703556062736	新品	不要	"--"	出品者	11
6I-0H96-18IA	【Smart-KM】T007 レインコート レインウェア 雨具 キッズ 子供 レインコート 可愛い 超軽量 通学 透明 クリア (ブラック, XXL)	B077VWS1WM	X000RJIWPT	--	新品	不要	"--"	出品者	1
74-MTWF-NKK7	[Smart-Bear] T303 キッズ レインブーツ レインシューズ 子供用 長靴 男の子 女の子 雨靴 ゴム長靴 滑り止め 通園・通学・アウトドア遊び用 完全防水 雪遊び 滑りにくい 梅雨対策 (イエロー, measurement_22_point_5_centimeters)	B098DYTNQM	X000Y4RQZT	UPC: 703556069643	新品	不要	"--"	出品者	1
7Z-W2HV-53GW	[Smart-Bear] W110 可愛い キッズ 靴下 子供 ボーイズ 靴下 男の子 ソックス 綿 抗菌防臭 吸汗吸湿 弾性 通気 柔らかい かわいい 通園通学 5足セット (S, 自動車柄)	B0829TMRDC	X000TC4Q7R	UPC: 703556066109	新品	不要	"--"	出品者	2
8Y-B81U-KU22	[smally] 【Smart-Bear】T004 レインコート レインウェア 雨具 キッズ 子供 レインコート 可愛い 超軽量 通学 (ピンク, S)	B0782T4WWX	X000WRDZ71	UPC: 680577733541	新品	不要	"--"	出品者	1
91-7A3K-7U8I	[Smart-Bear] W003 子供の靴下 立体 可愛い動物柄 通学 通園 キッズ ソックス 女の子 5足セット (S)	B07RRJ3RVV	X000RJN8FD	UPC: 703556062712	新品	不要	"--"	出品者	4
9W-LC9N-P0NQ	[Smart-Bear] T008 レインコート レインウェア 雨具 キッズ 子供 レインコート 可愛い 超軽量 通学 フクロウ 梅花 熊 パイナップル (S, ピンク)	B07RN5DSBD	X000RJ3N21	UPC: 703556062316	新品	不要	"--"	出品者	1
AB-FKI2-ZULN	[Smart-Bear] W501 スポーツソックス プロ用スキーソックス 子供用 厚手のニット 冬用 登山 遠足 スポーツソックス 男の子 女の子 2足入り (S( 7 - 12歳), D)	B07SW2G6Q1	X000RU9W93	UPC: 703556063658	新品	不要	"--"	出品者	1
AF-0BOJ-58FU	[Smart-Bear] T008 レインコート レインウェア 雨具 キッズ 子供 レインコート 可愛い 超軽量 通学 フクロウ 梅花 熊 パイナップル (M, ピンク)	B07RP5RVVV	X000RJ3N49	UPC: 703556062323	新品	不要	"--"	出品者	4
C8-VY3A-HL06	[Smart-Bear] W005 子供の靴下 男の子 女の子 ソックス 通園 通学 抗菌 通気性 5足セット (M)	B07RRJ5TNV	X000RJ6T1D	UPC: 703556062804	新品	不要	"--"	出品者	3
CZ-F8XU-0AJY	【Smart-Bear】T012 キッズ レインコート 女の子 子供用 レインウェア 雨具 小学生 レインポンチョ 防水 防風 収納ポーチ付 梅雨対策 通園 通学 入園 (ウサギ, XXL)	B0B1VPF2MH	X0010V0F21	UPC: 703556070465	新品	不要	"--"	出品者	1
D3-A97R-HYD6	[Smart-Bear] T003 レインコート レインウェア 雨具 キッズ 子供 レインコート 可愛い 超軽量 通学 リュック対応 トリ 果物 花柄 (L, ピンク)	B07SXQV8NQ	X000RS991B	UPC: 703556063382	新品	不要	"--"	出品者	1
D7-IW96-J4L1	[enbihouse] 【Smart-Bear】T010 レインコート レインウェア 雨具 キッズ 子供 レインコート 可愛い 超軽量 通学 フクロウ 雪の女王 Frozen (ピンク, S)	B07RQ4V5TL	X000RKI9WT	UPC: 703556062583	新品	不要	"--"	出品者	2
DH-BSJW-QLKQ	【Smart-Bear】W401 赤ちゃん 膝当て 二ーパッド 出産祝い 滑り止め 柔らか 膝サポーター 怪我防止 メッシュ 通気 可愛い柄 2色セット (2組セット, ライオン2色セット)	B093G83MXN	X000XK93N7	UPC: 703556069292	新品	不要	"--"	出品者	2
DT-RMBK-MVUT	[Smart-Bear] T003 レインコート レインウェア 雨具 キッズ 子供 レインコート 可愛い 超軽量 通学 リュック対応 トリ 果物 花柄 (M, イエロー)	B07SRFJ9NM	X000ROSL5F	UPC: 703556063429	新品	不要	"--"	出品者	4
F4-DJYL-ZFI7	[enbihouse] 【Smart-Bear】T010 レインコート レインウェア 雨具 キッズ 子供 レインコート 可愛い 超軽量 通学 フクロウ 雪の女王 Frozen (ブルー, L)	B07RR6Y96L	X000RKIE0V	UPC: 703556062552	新品	不要	"--"	出品者	1
FC-5PIA-1JUZ	[smally] 【Smart-Bear】T004 レインコート レインウェア 雨具 キッズ 子供 レインコート 可愛い 超軽量 通学 (ピンク, XL)	B098DWYX41	X000Y4RKFP	UPC: 703556069483	新品	不要	"--"	出品者	2
FK-SQOE-Y997	[smally] 【Smart-Bear】T004 レインコート レインウェア 雨具 キッズ 子供 レインコート 可愛い 超軽量 通学 (イエロー, S)	B0782N7XDJ	X000WRDZ6R	UPC: 680577733534	新品	不要	"--"	出品者	1
FN-VIR3-GDHQ	[Smart-Bear] T008 レインコート レインウェア 雨具 キッズ 子供 レインコート 可愛い 超軽量 通学 フクロウ 梅花 熊 パイナップル (XL, ピンク)	B07RN3R4CY	X000RJ3M1D	UPC: 703556062347	新品	不要	"--"	出品者	1
FQ-TZLP-HWK1	[smally] 【Smart-Bear】T004 レインコート レインウェア 雨具 キッズ 子供 レインコート 可愛い 超軽量 通学 (ピンク, M)	B0782RGD4B	X000WRDOQD	UPC: 680577733572	新品	不要	"--"	出品者	1
GD-JMWR-KLP3	[Smart-Bear] T003 レインコート レインウェア 雨具 キッズ 子供 レインコート 可愛い 超軽量 通学 リュック対応 トリ 果物 花柄 (S, イエロー)	B07STH4C75	X000RS98Z3	UPC: 703556063412	新品	不要	"--"	出品者	2
HM-5URZ-2K38	【Smart-KM】S017 網タイツ レース ガーターストッキング ニーハイ セクシー ストッキング レディース 仮装 2点セット (パープル)	B07C7KGKBH	X000YPEORV	UPC: 706352696457	新品	不要	"--"	出品者	5
IL-1DYL-IXMN	[Smart-Bear] W101 立体 可愛い動物柄 通学 通園 靴下 キッズ ソックス 女の子 ソックス カラーフル 5足セット (M)	B07STZQL61	X000RTDFPB	UPC: 703556063610	新品	不要	"--"	出品者	4
J6-656F-SFOE	[enbihouse] 【Smart-Bear】T010 レインコート レインウェア 雨具 キッズ 子供 レインコート 可愛い 超軽量 通学 フクロウ 雪の女王 Frozen (ブルー, S)	B07RN4V5RG	X000RKIE1F	UPC: 703556062538	新品	不要	"--"	出品者	1
KH-0RZG-S1GO	[enbihouse] 【Smart-Bear】T010 レインコート レインウェア 雨具 キッズ 子供 レインコート 可愛い 超軽量 通学 フクロウ 雪の女王 Frozen (ピンク, M)	B07RP5YSYZ	X000RJ3OC5	UPC: 703556062590	新品	不要	"--"	出品者	1
L7-WXI9-AW9P	[enbihouse] 【Smart-Bear】T010 レインコート レインウェア 雨具 キッズ 子供 レインコート 可愛い 超軽量 通学 フクロウ 雪の女王 Frozen (ピンク, XXL)	B07RP6Q7SK	X000RMG0AZ	UPC: 703556062620	新品	不要	"--"	出品者	3
LG-ANQR-6C9P	【Smart-KM】T005 レインコート レインウェア 雨具 キッズ 子供 レインコート 可愛い 超軽量 通学 (イエロー, XL)	B07K5R541S	X000RS957T	UPC: 703556058159	新品	不要	"--"	出品者	1
LR-3KLG-FCBD	[Smart-KM] S017 網タイツ レース ガーターストッキング ニーハイ セクシー ストッキング レディース 仮装 2点セット (三色セットB)	B09P8V2ZC7	X000ZN6XDP	UPC: 703556070113	新品	不要	"--"	出品者	2
MH-OWU7-QZ6B	【Smart-KM】T007 レインコート レインウェア 雨具 キッズ 子供 レインコート 可愛い 超軽量 通学 透明 クリア (ホワイト, XXL)	B077VYDWWP	X000R15J6H	--	新品	不要	"--"	出品者	1
MO-6NAH-GNZ6	【Smart-KM】T005 レインコート レインウェア 雨具 キッズ 子供 レインコート 可愛い 超軽量 通学 (ピンク, M)	B07K5S4TZ9	X000RS97BN	--	新品	不要	"--"	出品者	1
NR-5Z4P-2YBS	[Smart-Bear] W003 子供の靴下 立体 可愛い動物柄 通学 通園 キッズ ソックス 女の子 5足セット (M)	B07RNDMDMY	X000RJN8F3	UPC: 703556062729	新品	不要	"--"	出品者	8
PZ-MY3D-O8VJ	[Smart-Bear] W002 子供の靴下 女の子 ソックス メッシュ素材 可愛い お姫様 学生用 通園通学 5足セット (B, x_l)	B07RRJ3FXS	X000RJNB91	UPC: 703556062743	新品	不要	"--"	出品者	1
S0-6P3X-ACUO	[Smart-Bear] W110 可愛い キッズ 靴下 子供 ボーイズ 靴下 男の子 ソックス 綿 抗菌防臭 吸汗吸湿 弾性 通気 柔らかい かわいい 通園通学 5足セット (XL, 自動車柄)	B0829T96PP	X000TC1RGZ	UPC: 703556066130	新品	不要	"--"	出品者	1
SE-6APE-EDI4	[smally] 【Smart-Bear】T004 レインコート レインウェア 雨具 キッズ 子供 レインコート 可愛い 超軽量 通学 (イエロー, M)	B0782VLBQ7	X000WRDPNZ	UPC: 680577733565	新品	不要	"--"	出品者	3
SI-EW2B-SYU1	【Smart-Bear】T101 フード付きタオル 子供用 マントバスタオル ビーチタオル 子ども 超吸収性 赤ちゃんポンチョ 綿 お風呂 プール ベビー 便利 柔らかい コットンバスタオル 鰐 ワニ 一角獣 ユニコーン (ユニコーン)	B07RRD55DH	X000RJLK1R	UPC: 703556062637	新品	不要	"--"	出品者	1
SN-NFFV-BYW0	[Smart-Bear] T306 キッズ レインブーツ レインシューズ 子供用 長靴 男の子 女の子 雨靴 ゴム長靴 滑り止め 通園・通学・アウトドア遊び用 完全防水 雪遊び 滑りにくい 梅雨対策 プルハンドル付き (サメ柄, measurement_17_point_0_centimeters)	B089WHXT1Z	X000UXRIBL	UPC: 703556068288	新品	不要	"--"	出品者	4
VA-NOZU-9KO4	[enbihouse] 【Smart-Bear】T014 キッズ レインコート 女の子 子供用 レインウェア 男の子 雨具 男女兼用 小学生 レインポンチョ 防水 防風 収納ポーチ付 梅雨対策 通園 通学 入園 (グリーン, XXXL)	B0BY715356	X0013H4DXT	UPC: 703556071349	新品	不要	"--"	出品者	1
YV-GX4F-U1JK	【Smart-KM】T007 レインコート レインウェア 雨具 キッズ 子供 レインコート 可愛い 超軽量 通学 透明 クリア (ホワイト, L)	B077VSN4H6	X000R15J6R	UPC: 680577732742	新品	不要	"--"	出品者	1
