納品番号	FBA15DKV7RW5
納品名	FBA STA (2023/09/28 03:15)-TYO2
納品プラン番号	
納品先	TYO2
SKU 合計	31
商品合計数	51

SKU	商品名	ASIN	FNSKU	製品コード	コンディション	梱包	梱包種類	ラベル貼付	同梱
1W-OT81-6YJZ	[Smart-Bear] P002 キッズ服 Tシャツ ズボン 男の子 女の子 パジャマ 前開きキッズ 部屋着 寝間着ルームウェア ホームサービス ベビー 長袖 ボタン トップス ショートパンツ 上下セット服 子供 春 秋 冬 七五三 誕生日 新年 (110cm, キリン柄)	B09NHN1572	X000ZJ43YP	UPC: 703556069810	新品	不要	"--"	出品者	1
22-9KDS-HIZ1	[Smart-Bear] T009 レインコート レインウェア 雨具 キッズ 子供 レインコート 可愛い 超軽量 通学 フクロウ 小さな恐竜 (XL)	B07RQ4M7ZG	X000RLC7VR	UPC: 703556062521	新品	不要	"--"	出品者	2
2Z-OH3T-ZZA7	[Smart-Bear] W009 子供の靴下 キッズ 子供 くつした メッシュ 通気防臭 男女兼用 男の子 女の子 可愛い 5足セット (カバ, m)	B07RSJKTMR	X000RLFX9F	UPC: 703556062927	新品	不要	"--"	出品者	1
3T-Y9S7-7048	[Smart-Bear] W003 子供の靴下 立体 可愛い動物柄 通学 通園 キッズ ソックス 女の子 5足セット (L)	B07RNDP5VC	X000RJN7VX	UPC: 703556062736	新品	不要	"--"	出品者	1
6I-0H96-18IA	【Smart-KM】T007 レインコート レインウェア 雨具 キッズ 子供 レインコート 可愛い 超軽量 通学 透明 クリア (ブラック, XXL)	B077VWS1WM	X000RJIWPT	--	新品	不要	"--"	出品者	4
6R-P7SR-5Z4X	[Smart-Bear] T003 レインコート レインウェア 雨具 キッズ 子供 レインコート 可愛い 超軽量 通学 リュック対応 トリ 果物 花柄 (XXXL, ピンク)	B07SSKF9KP	X000RT7GZB	UPC: 703556063467	新品	不要	"--"	出品者	1
74-MTWF-NKK7	[Smart-Bear] T303 キッズ レインブーツ レインシューズ 子供用 長靴 男の子 女の子 雨靴 ゴム長靴 滑り止め 通園・通学・アウトドア遊び用 完全防水 雪遊び 滑りにくい 梅雨対策 (イエロー, measurement_22_point_5_centimeters)	B098DYTNQM	X000Y4RQZT	UPC: 703556069643	新品	不要	"--"	出品者	2
8Q-VTYS-YQ5Z	[Smart-Bear] W005 子供の靴下 男の子 女の子 ソックス 通園 通学 抗菌 通気性 5足セット (L)	B07RNDQ5S7	X000RMJ4KD	UPC: 703556062811	新品	不要	"--"	出品者	2
9G-D1US-1N8Q	[enbihouse] 【Smart-Bear】T011 キッズ レインコート 女の子 子供用 レインウェア 男の子 雨具 男女兼用 小学生 レインポンチョ 防水 防風 収納ポーチ付 梅雨対策 通園 通学 入園 (ブルー恐竜, M)	B0B1VL74HG	X0010V0071	UPC: 703556070380	新品	不要	"--"	出品者	1
C8-VY3A-HL06	[Smart-Bear] W005 子供の靴下 男の子 女の子 ソックス 通園 通学 抗菌 通気性 5足セット (M)	B07RRJ5TNV	X000RJ6T1D	UPC: 703556062804	新品	不要	"--"	出品者	2
CZ-F8XU-0AJY	[enbihouse] 【Smart-Bear】T012 キッズ レインコート 女の子 子供用 レインウェア 雨具 小学生 レインポンチョ 防水 防風 収納ポーチ付 梅雨対策 通園 通学 入園 (ウサギ, XXL)	B0B1VPF2MH	X0010V0F21	UPC: 703556070465	新品	不要	"--"	出品者	3
DH-BSJW-QLKQ	[Smart-Bear] W401 赤ちゃん 膝当て 二ーパッド 出産祝い 滑り止め 柔らか 膝サポーター 怪我防止 メッシュ 通気 可愛い柄 2色セット (2組セット, ライオン2色セット)	B093G83MXN	X000XK93N7	UPC: 703556069292	新品	不要	"--"	出品者	2
F4-DJYL-ZFI7	[enbihouse] 【Smart-Bear】T010 レインコート レインウェア 雨具 キッズ 子供 レインコート 可愛い 超軽量 通学 フクロウ 雪の女王 Frozen (ブルー, L)	B07RR6Y96L	X000RKIE0V	UPC: 703556062552	新品	不要	"--"	出品者	3
FK-SQOE-Y997	[smally] 【Smart-Bear】T004 レインコート レインウェア 雨具 キッズ 子供 レインコート 可愛い 超軽量 通学 (イエロー, S)	B0782N7XDJ	X000WRDZ6R	UPC: 680577733534	新品	不要	"--"	出品者	1
KH-0RZG-S1GO	[enbihouse] 【Smart-Bear】T010 レインコート レインウェア 雨具 キッズ 子供 レインコート 可愛い 超軽量 通学 フクロウ 雪の女王 Frozen (ピンク, M)	B07RP5YSYZ	X000RJ3OC5	UPC: 703556062590	新品	不要	"--"	出品者	1
L7-WXI9-AW9P	[enbihouse] 【Smart-Bear】T010 レインコート レインウェア 雨具 キッズ 子供 レインコート 可愛い 超軽量 通学 フクロウ 雪の女王 Frozen (ピンク, XXL)	B07RP6Q7SK	X000RMG0AZ	UPC: 703556062620	新品	不要	"--"	出品者	2
LX-RA4O-U3NE	[Smart-Bear] P002 キッズ服 Tシャツ ズボン 男の子 女の子 パジャマ 前開きキッズ 部屋着 寝間着ルームウェア ホームサービス ベビー 長袖 ボタン トップス ショートパンツ 上下セット服 子供 春 秋 冬 七五三 誕生日 新年 (130cm, ブルー恐竜柄)	B09NHP9DGC	X000ZJ3JCR	UPC: 703556069957	新品	不要	"--"	出品者	2
M5-KPD9-RB5V	[enbihouse] 【Smart-Bear】T010 レインコート レインウェア 雨具 キッズ 子供 レインコート 可愛い 超軽量 通学 フクロウ 雪の女王 Frozen (ピンク, L)	B07RP581QF	X000RKID9X	UPC: 703556062606	新品	不要	"--"	出品者	2
M9-CRQJ-1EUU	【Smart-KM】T007 レインコート レインウェア 雨具 キッズ 子供 レインコート 可愛い 超軽量 通学 透明 クリア (ブラック, XL)	B077VSVXYC	X000R151AL	UPC: 680577732773	新品	不要	"--"	出品者	1
M9-RIG5-DRKF	[Smart-Bear] W101 立体 可愛い動物柄 通学 通園 靴下 キッズ ソックス 女の子 ソックス カラーフル 5足セット (L)	B07SV1BD6S	X000RU9VA3	UPC: 703556063627	新品	不要	"--"	出品者	2
MH-HDGL-UPY9	[Smart-Bear] W002 子供の靴下 女の子 ソックス メッシュ素材 可愛い お姫様 学生用 通園通学 5足セット (B, l)	B07RPGFKYW	X000RLFVG5	UPC: 703556062705	新品	不要	"--"	出品者	1
O5-VCC0-95D9	【Smart-KM】T007 レインコート レインウェア 雨具 キッズ 子供 レインコート 可愛い 超軽量 通学 透明 クリア (ホワイト, M)	B077VSSXJX	X000R151AV	UPC: 680577732728	新品	不要	"--"	出品者	1
OJ-Q5O2-R6XK	【Smart-KM】T005 レインコート レインウェア 雨具 キッズ 子供 レインコート 可愛い 超軽量 通学 (ブルー, XL)	B07K5SL6NR	X000RS99BV	--	新品	不要	"--"	出品者	2
SE-6APE-EDI4	[smally] 【Smart-Bear】T004 レインコート レインウェア 雨具 キッズ 子供 レインコート 可愛い 超軽量 通学 (イエロー, M)	B0782VLBQ7	X000WRDPNZ	UPC: 680577733565	新品	不要	"--"	出品者	1
SK-DONL-JYYY	【Smart-KM】T002 韓国enbihouseレインコート レインウェア 雨具 キッズ 子供 レインコート 可愛い 超軽量 通学 (ペンギン, L)	B077V1SGXY	X000RJ3GX7	UPC: 680577732582	新品	不要	"--"	出品者	2
SN-NFFV-BYW0	[Smart-Bear] T306 キッズ レインブーツ レインシューズ 子供用 長靴 男の子 女の子 雨靴 ゴム長靴 滑り止め 通園・通学・アウトドア遊び用 完全防水 雪遊び 滑りにくい 梅雨対策 プルハンドル付き (サメ柄, measurement_17_point_0_centimeters)	B089WHXT1Z	X000UXRIBL	UPC: 703556068288	新品	不要	"--"	出品者	2
TW-JZWW-KQAK	[Smart-Bear] T009 レインコート レインウェア 雨具 キッズ 子供 レインコート 可愛い 超軽量 通学 フクロウ 小さな恐竜 (L)	B07RP5CMMY	X000RLC8J3	UPC: 703556062514	新品	不要	"--"	出品者	1
U0-2W5T-JP0A	【Smart-KM】T007 レインコート レインウェア 雨具 キッズ 子供 レインコート 可愛い 超軽量 通学 透明 クリア (ホワイト, XL)	B077VT3Z3N	X000RMFHMH	UPC: 680577732766	新品	不要	"--"	出品者	1
VF-4T5V-BQWE	[Smart-Bear] W401 赤ちゃん 膝当て 二ーパッド 出産祝い 滑り止め 柔らか 膝サポーター 怪我防止 メッシュ 通気 可愛い柄 2色セット (2組セット, ウサギ2色セット)	B093G8RXDS	X000XK9IOL	UPC: 703556069315	新品	不要	"--"	出品者	2
YV-GX4F-U1JK	【Smart-KM】T007 レインコート レインウェア 雨具 キッズ 子供 レインコート 可愛い 超軽量 通学 透明 クリア (ホワイト, L)	B077VSN4H6	X000R15J6R	UPC: 680577732742	新品	不要	"--"	出品者	1
ZA-LRIH-XNSO	[Smart-Bear] P002 キッズ服 Tシャツ ズボン 男の子 女の子 パジャマ 前開きキッズ 部屋着 寝間着ルームウェア ホームサービス ベビー 長袖 ボタン トップス ショートパンツ 上下セット服 子供 春 秋 冬 七五三 誕生日 新年 (140cm, ブルー恐竜柄)	B09NJD2MCR	X000ZJ442B	UPC: 703556069964	新品	不要	"--"	出品者	1
