納品番号	FBA15DL0DY9K
納品名	FBA STA (2023/10/04 06:34)-QCB3
納品プラン番号	
納品先	QCB3
SKU 合計	38
商品合計数	103

SKU	商品名	ASIN	FNSKU	製品コード	コンディション	梱包	梱包種類	ラベル貼付	同梱
0W-RCOB-4NRD	[enbihouse] 【Smart-Bear】T011 キッズ レインコート 女の子 子供用 レインウェア 男の子 雨具 男女兼用 小学生 レインポンチョ 防水 防風 収納ポーチ付 梅雨対策 通園 通学 入園 (ブルー恐竜, L)	B0B1VM8X4N	X0010V05XF	UPC: 703556070397	新品	不要	"--"	出品者	1
39-62ZM-5VA7	[enbihouse] 【Smart-Bear】T012 キッズ レインコート 女の子 子供用 レインウェア 雨具 小学生 レインポンチョ 防水 防風 収納ポーチ付 梅雨対策 通園 通学 入園 (ウサギ, M)	B0B1VR91S8	X0010V0F5D	UPC: 703556070434	新品	不要	"--"	出品者	2
3T-Y9S7-7048	[Smart-Bear] W003 子供の靴下 立体 可愛い動物柄 通学 通園 キッズ ソックス 女の子 5足セット (L)	B07RNDP5VC	X000RJN7VX	UPC: 703556062736	新品	不要	"--"	出品者	6
4E-8JAQ-UHTH	[enbihouse] 【Smart-Bear】T013 キッズ レインコート 男の子 子供用 レインウェア 雨具 小学生 レインポンチョ 防水 防風 収納ポーチ付 梅雨対策 通園 通学 入園 (XXXL)	B0B4NVH234	X0011523SF	UPC: 703556070526	新品	不要	"--"	出品者	1
4M-R6F0-TJRC	[Smart-Bear] P002 キッズ服 Tシャツ ズボン 男の子 女の子 パジャマ 前開きキッズ 部屋着 寝間着ルームウェア ホームサービス ベビー 長袖 ボタン トップス ショートパンツ 上下セット服 子供 春 秋 冬 七五三 誕生日 新年 (150cm, キリン柄)	B09NHNK4KV	X000ZJ3JEF	UPC: 703556069858	新品	不要	"--"	出品者	1
70-ZTNW-C5FQ	[Smart-Bear] T003 レインコート レインウェア 雨具 キッズ 子供 レインコート 可愛い 超軽量 通学 リュック対応 トリ 果物 花柄 (XXXL, イエロー)	B07SSJJQY6	X000RRFKJR	UPC: 703556063474	新品	不要	"--"	出品者	2
7L-VIH8-AFE4	[enbihouse] 【Smart-Bear】T013 キッズ レインコート 男の子 子供用 レインウェア 雨具 小学生 レインポンチョ 防水 防風 収納ポーチ付 梅雨対策 通園 通学 入園 (L)	B0B3LRNJ4C	X001115Y1R	UPC: 703556070496	新品	不要	"--"	出品者	1
7V-TX8I-6JT1	[Smart-Bear] P002 キッズ服 Tシャツ ズボン 男の子 女の子 パジャマ 前開きキッズ 部屋着 寝間着ルームウェア ホームサービス ベビー 長袖 ボタン トップス ショートパンツ 上下セット服 子供 春 秋 冬 七五三 誕生日 新年 (140cm, キリン柄)	B09NHMC9QZ	X000ZJ41KB	UPC: 703556069841	新品	不要	"--"	出品者	1
8Q-VTYS-YQ5Z	[Smart-Bear] W005 子供の靴下 男の子 女の子 ソックス 通園 通学 抗菌 通気性 5足セット (L)	B07RNDQ5S7	X000RMJ4KD	UPC: 703556062811	新品	不要	"--"	出品者	7
91-6HG1-LVP0	[Smart-Bear] T309 キッズ レインブーツ レインシューズ 子供用 長靴 男の子 女の子 雨靴 ゴム長靴 滑り止め 通園・通学・アウトドア遊び用 完全防水 雪遊び 滑りにくい 梅雨対策 プルハンドル付き (イエロー, measurement_22_point_5_centimeters)	B09838NFL3	X000Y3RL19	UPC: 703556069582	新品	不要	"--"	出品者	2
91-7A3K-7U8I	[Smart-Bear] W003 子供の靴下 立体 可愛い動物柄 通学 通園 キッズ ソックス 女の子 5足セット (S)	B07RRJ3RVV	X000RJN8FD	UPC: 703556062712	新品	不要	"--"	出品者	6
97-W48L-K89A	【Smart-KM】S017 網タイツ レース ガーターストッキング ニーハイ セクシー ストッキング レディース 仮装 2点セット (ホワイト)	B07C7JX67Y	X000YPFN7L	--	新品	不要	"--"	出品者	8
9Z-9UTZ-BE8A	[Smart-Bear] P002 キッズ服 Tシャツ ズボン 男の子 女の子 パジャマ 前開きキッズ 部屋着 寝間着ルームウェア ホームサービス ベビー 長袖 ボタン トップス ショートパンツ 上下セット服 子供 春 秋 冬 七五三 誕生日 新年 (100cm, バス柄)	B09NSNCVGG	X000ZKDDR7	UPC: 703556070045	新品	不要	"--"	出品者	1
C8-VY3A-HL06	[Smart-Bear] W005 子供の靴下 男の子 女の子 ソックス 通園 通学 抗菌 通気性 5足セット (M)	B07RRJ5TNV	X000RJ6T1D	UPC: 703556062804	新品	不要	"--"	出品者	5
D5-WGY2-NJ46	[Smart-Bear] P002 キッズ服 Tシャツ ズボン 男の子 女の子 パジャマ 前開きキッズ 部屋着 寝間着ルームウェア ホームサービス ベビー 長袖 ボタン トップス ショートパンツ 上下セット服 子供 春 秋 冬 七五三 誕生日 新年 (150cm, ブルー恐竜柄)	B09NHPB9GJ	X000ZJ41LP	UPC: 703556069971	新品	不要	"--"	出品者	1
DH-BSJW-QLKQ	[Smart-Bear] W401 赤ちゃん 膝当て 二ーパッド 出産祝い 滑り止め 柔らか 膝サポーター 怪我防止 メッシュ 通気 可愛い柄 2色セット (2組セット, ライオン2色セット)	B093G83MXN	X000XK93N7	UPC: 703556069292	新品	不要	"--"	出品者	3
EC-FOVX-FOBJ	【Smart-KM】S017 網タイツ レース ガーターストッキング ニーハイ セクシー ストッキング レディース 仮装 2点セット(バラ)	B07C76HMBS	X000YPFQBT	UPC: 706352696419	新品	不要	"--"	出品者	2
F7-VUUV-OD1C	[Smart-Bear] W017 可愛い キッズ 子供 靴下 ソックス お姫様 通気 6足 セット カラフル 女の子 薄め (L)	B07SPWQD3T	X000RQ88JH	UPC: 703556063313	新品	不要	"--"	出品者	1
FK-SQOE-Y997	[smally] 【Smart-Bear】T004 レインコート レインウェア 雨具 キッズ 子供 レインコート 可愛い 超軽量 通学 (イエロー, S)	B0782N7XDJ	X000WRDZ6R	UPC: 680577733534	新品	不要	"--"	出品者	6
FM-61TW-KL1F	[enbihouse] 【Smart-Bear】T011 キッズ レインコート 女の子 子供用 レインウェア 男の子 雨具 男女兼用 小学生 レインポンチョ 防水 防風 収納ポーチ付 梅雨対策 通園 通学 入園 (ブルー恐竜, S)	B0B1VLWX5F	X0010V02ND	UPC: 703556070373	新品	不要	"--"	出品者	1
FQ-TZLP-HWK1	[smally] 【Smart-Bear】T004 レインコート レインウェア 雨具 キッズ 子供 レインコート 可愛い 超軽量 通学 (ピンク, M)	B0782RGD4B	X000WRDOQD	UPC: 680577733572	新品	不要	"--"	出品者	2
HI-TG46-Q9JP	[enbihouse] 【Smart-Bear】T014 キッズ レインコート 女の子 子供用 レインウェア 男の子 雨具 男女兼用 小学生 レインポンチョ 防水 防風 収納ポーチ付 梅雨対策 通園 通学 入園 (ブルー, XXXL)	B0BY6YDY6Y	X0013H4DYN	UPC: 703556071356	新品	不要	"--"	出品者	1
HU-4C3A-YQ59	[enbihouse] 【Smart-Bear】T010 レインコート レインウェア 雨具 キッズ 子供 レインコート 可愛い 超軽量 通学 フクロウ 雪の女王 Frozen (ピンク, XL)	B07RN3T64S	X000RKIE15	UPC: 703556062613	新品	不要	"--"	出品者	5
JQ-MLRE-AH9L	【Smart-KM】S017 網タイツ レース ガーターストッキング ニーハイ セクシー ストッキング レディース 仮装 2点セット (ブラック)	B07C7NS57M	X000YPEOAN	--	新品	不要	"--"	出品者	11
K0-FLHZ-7ZA5	[Smart-Bear] P002 キッズ服 Tシャツ ズボン 男の子 女の子 パジャマ 前開きキッズ 部屋着 寝間着ルームウェア ホームサービス ベビー 長袖 ボタン トップス ショートパンツ 上下セット服 子供 春 秋 冬 七五三 誕生日 新年 (120cm, ブルー恐竜柄)	B09NJD26KC	X000ZJ43ZT	UPC: 703556069940	新品	不要	"--"	出品者	1
L7-WXI9-AW9P	[enbihouse] 【Smart-Bear】T010 レインコート レインウェア 雨具 キッズ 子供 レインコート 可愛い 超軽量 通学 フクロウ 雪の女王 Frozen (ピンク, XXL)	B07RP6Q7SK	X000RMG0AZ	UPC: 703556062620	新品	不要	"--"	出品者	2
M5-KPD9-RB5V	[enbihouse] 【Smart-Bear】T010 レインコート レインウェア 雨具 キッズ 子供 レインコート 可愛い 超軽量 通学 フクロウ 雪の女王 Frozen (ピンク, L)	B07RP581QF	X000RKID9X	UPC: 703556062606	新品	不要	"--"	出品者	2
M7-PIGM-QQAP	[Smart-Bear] P002 キッズ服 Tシャツ ズボン 男の子 女の子 パジャマ 前開きキッズ 部屋着 寝間着ルームウェア ホームサービス ベビー 長袖 ボタン トップス ショートパンツ 上下セット服 子供 春 秋 冬 七五三 誕生日 新年 (110cm, バス柄)	B09NSN9VVQ	X000ZKDUJN	UPC: 703556070052	新品	不要	"--"	出品者	1
MM-O4D6-SHDG	[Smart-Bear] P002 キッズ服 Tシャツ ズボン 男の子 女の子 パジャマ 前開きキッズ 部屋着 寝間着ルームウェア ホームサービス ベビー 長袖 ボタン トップス ショートパンツ 上下セット服 子供 春 秋 冬 七五三 誕生日 新年 (150cm, 自動車柄)	B09NHNWZMQ	X000ZJ41KL	UPC: 703556069919	新品	不要	"--"	出品者	1
NR-5Z4P-2YBS	[Smart-Bear] W003 子供の靴下 立体 可愛い動物柄 通学 通園 キッズ ソックス 女の子 5足セット (M)	B07RNDMDMY	X000RJN8F3	UPC: 703556062729	新品	不要	"--"	出品者	8
O7-P2TB-P88J	[Smart-Bear] P002 キッズ服 Tシャツ ズボン 男の子 女の子 パジャマ 前開きキッズ 部屋着 寝間着ルームウェア ホームサービス ベビー 長袖 ボタン トップス ショートパンツ 上下セット服 子供 春 秋 冬 七五三 誕生日 新年 (100cm, パンダ柄)	B09N2Q6J6K	X000ZJ41JH	UPC: 703556069681	新品	不要	"--"	出品者	1
SE-6APE-EDI4	[smally] 【Smart-Bear】T004 レインコート レインウェア 雨具 キッズ 子供 レインコート 可愛い 超軽量 通学 (イエロー, M)	B0782VLBQ7	X000WRDPNZ	UPC: 680577733565	新品	不要	"--"	出品者	1
SX-6PUQ-K56B	[Smart-Bear] T308 キッズ レインブーツ レインシューズ 子供用 長靴 男の子 女の子 雨靴 ゴム長靴 滑り止め 通園・通学・アウトドア遊び用 完全防水 雪遊び 滑りにくい 梅雨対策 (ホワイト, measurement_19_point_0_centimeters)	B089XYRGZB	X000UXXD1Z	UPC: 703556068516	新品	不要	"--"	出品者	1
T8-FSOJ-B0V1	【Smart-KM】S017 網タイツ レース ガーターストッキング ニーハイ セクシー ストッキング レディース 仮装 2点セット (レッド)	B07C7PVL42	X000YPFNUN	UPC: 706352696464	新品	不要	"--"	出品者	3
TK-HDPN-24QO	[enbihouse] 【Smart-Bear】T011 キッズ レインコート 女の子 子供用 レインウェア 男の子 雨具 男女兼用 小学生 レインポンチョ 防水 防風 収納ポーチ付 梅雨対策 通園 通学 入園 (イエローライオン, XL)	B0B1VMNM1H	X0010V0611	UPC: 703556070359	新品	不要	"--"	出品者	1
WV-C417-6OVT	[Smart-Bear] P002 キッズ服 Tシャツ ズボン 男の子 女の子 パジャマ 前開きキッズ 部屋着 寝間着ルームウェア ホームサービス ベビー 長袖 ボタン トップス ショートパンツ 上下セット服 子供 春 秋 冬 七五三 誕生日 新年 (150cm, 肌色恐竜柄)	B09NJDZ2ZK	X000ZJ441R	UPC: 703556070038	新品	不要	"--"	出品者	1
YO-VMCX-X2PP	[enbihouse] 【Smart-Bear】T012 キッズ レインコート 女の子 子供用 レインウェア 雨具 小学生 レインポンチョ 防水 防風 収納ポーチ付 梅雨対策 通園 通学 入園 (ウサギ, XL)	B0B1VMTL5F	X0010V0KGH	UPC: 703556070458	新品	不要	"--"	出品者	2
ZP-THGH-ZY7D	[enbihouse] 【Smart-Bear】T011 キッズ レインコート 女の子 子供用 レインウェア 男の子 雨具 男女兼用 小学生 レインポンチョ 防水 防風 収納ポーチ付 梅雨対策 通園 通学 入園 (イエローライオン, XXL)	B0B1VM5KN9	X0010V05YT	UPC: 703556070366	新品	不要	"--"	出品者	1
