納品番号	FBA15DF07MBV
納品名	FBA STA (2023/04/28 09:13)-KIX4
納品プラン番号	
納品先	KIX4
SKU 合計	38
商品合計数	91

SKU	商品名	ASIN	FNSKU	製品コード	コンディション	梱包	梱包種類	ラベル貼付	同梱
1M-UIA7-WLFP	[Smart-Bear] T008 レインコート レインウェア 雨具 キッズ 子供 レインコート 可愛い 超軽量 通学 フクロウ 梅花 熊 パイナップル (L, ブルー)	B07RP5Y4R4	X000RJ3N3P	UPC: 703556062392	新品	不要	"--"	出品者	2
22-BGZI-G4D5	[smally] 【Smart-Bear】T004 レインコート レインウェア 雨具 キッズ 子供 レインコート 可愛い 超軽量 通学 (ブルー, M)	B0782YMNPM	X000WRDOQN	UPC: 680577733589	新品	不要	"--"	出品者	1
29-0QHZ-UD4C	[Smart-Bear] T003 レインコート レインウェア 雨具 キッズ 子供 レインコート 可愛い 超軽量 通学 リュック対応 トリ 果物 花柄 (M, ピンク)	B07STH54RG	X000RS9JTX	UPC: 703556063375	新品	不要	"--"	出品者	1
47-P9CG-5ZX5	[Smart-Bear] W022 可愛い キッズ 子供 靴下 ソックス 豚 パンダ 動物柄 くるぶし ジュニア 通気 メッシュ くつした 男の子 女の子 ソックス 綿 5足セット (動物柄, XL:18?21cm(8-11歳))	B09QHVNT46	X000ZT0155	UPC: 703556070151	新品	不要	"--"	出品者	2
49-XIYM-U7XE	[Smart-Bear] T303 キッズ レインブーツ レインシューズ 子供用 長靴 男の子 女の子 雨靴 ゴム長靴 滑り止め 通園・通学・アウトドア遊び用 完全防水 雪遊び 滑りにくい 梅雨対策 (イエロー, measurement_18_point_5_centimeters)	B089WH2RHR	X000UXVQ1J	UPC: 703556068189	新品	不要	"--"	出品者	1
53-C8NZ-UF4D	[smally] 【Smart-Bear】T004 レインコート レインウェア 雨具 キッズ 子供 レインコート 可愛い 超軽量 通学 (イエロー, L)	B0786KYY7Y	X000WRDOQ3	--	新品	不要	"--"	出品者	1
6I-0H96-18IA	【Smart-KM】T007 レインコート レインウェア 雨具 キッズ 子供 レインコート 可愛い 超軽量 通学 透明 クリア (ブラック, XXL)	B077VWS1WM	X000RJIWPT	--	新品	不要	"--"	出品者	3
8G-OTZ5-Q7FY	[Smart-Bear] P002 キッズ服 Tシャツ ズボン 男の子 女の子 パジャマ 前開きキッズ 部屋着 寝間着ルームウェア ホームサービス ベビー 長袖 ボタン トップス ショートパンツ 上下セット服 子供 春 秋 冬 七五三 誕生日 新年 (130cm, ウサギ柄)	B09NHMXRTZ	X000ZJ3JD1	UPC: 703556069773	新品	不要	"--"	出品者	1
8Q-VTYS-YQ5Z	[Smart-Bear] W005 子供の靴下 男の子 女の子 ソックス 通園 通学 抗菌 通気性 5足セット (L)	B07RNDQ5S7	X000RMJ4KD	UPC: 703556062811	新品	不要	"--"	出品者	15
91-7A3K-7U8I	[Smart-Bear] W003 子供の靴下 立体 可愛い動物柄 通学 通園 キッズ ソックス 女の子 5足セット (S)	B07RRJ3RVV	X000RJN8FD	UPC: 703556062712	新品	不要	"--"	出品者	2
9L-84XW-ZW1C	【Smart-KM】T005 レインコート レインウェア 雨具 キッズ 子供 レインコート 可愛い 超軽量 通学 (ブルー, S)	B07K5S1K82	X000RT577Z	--	新品	不要	"--"	出品者	1
9W-LC9N-P0NQ	[Smart-Bear] T008 レインコート レインウェア 雨具 キッズ 子供 レインコート 可愛い 超軽量 通学 フクロウ 梅花 熊 パイナップル (S, ピンク)	B07RN5DSBD	X000RJ3N21	UPC: 703556062316	新品	不要	"--"	出品者	1
9X-DKOD-YDZ9	[Smart-Bear] P002 キッズ服 Tシャツ ズボン 男の子 女の子 パジャマ 前開きキッズ 部屋着 寝間着ルームウェア ホームサービス ベビー 長袖 ボタン トップス ショートパンツ 上下セット服 子供 春 秋 冬 七五三 誕生日 新年 (120cm, キリン柄)	B09NJCRRZ4	X000ZJ41K1	UPC: 703556069827	新品	不要	"--"	出品者	1
CT-Q374-BJ1E	[Smart-Bear] T308 キッズ レインブーツ レインシューズ 子供用 長靴 男の子 女の子 雨靴 ゴム長靴 滑り止め 通園・通学・アウトドア遊び用 完全防水 雪遊び 滑りにくい 梅雨対策 (ピンク, measurement_19_point_0_centimeters)	B089Y5Q82W	X000UXXDJH	UPC: 703556068523	新品	不要	"--"	出品者	1
DT-RMBK-MVUT	[Smart-Bear] T003 レインコート レインウェア 雨具 キッズ 子供 レインコート 可愛い 超軽量 通学 リュック対応 トリ 果物 花柄 (M, イエロー)	B07SRFJ9NM	X000ROSL5F	UPC: 703556063429	新品	不要	"--"	出品者	2
DU-P06F-VJBB	[enbihouse] 【Smart-Bear】T010 レインコート レインウェア 雨具 キッズ 子供 レインコート 可愛い 超軽量 通学 フクロウ 雪の女王 Frozen (ブルー, XL)	B07RTHQ2KZ	X000RJ3OBB	UPC: 703556062569	新品	不要	"--"	出品者	4
EQ-E9S7-QXE3	【Smart-KM】T005 レインコート レインウェア 雨具 キッズ 子供 レインコート 可愛い 超軽量 通学 (イエロー, S)	B07K5QMCP2	X000RT5CCP	--	新品	不要	"--"	出品者	2
EY-8OND-A9O0	[Smart-Bear] T303 キッズ レインブーツ レインシューズ 子供用 長靴 男の子 女の子 雨靴 ゴム長靴 滑り止め 通園・通学・アウトドア遊び用 完全防水 雪遊び 滑りにくい 梅雨対策 (ピンク, measurement_18_point_5_centimeters)	B089WGVH9V	X000UXRHRL	UPC: 703556068196	新品	不要	"--"	出品者	2
FC-5PIA-1JUZ	[smally] 【Smart-Bear】T004 レインコート レインウェア 雨具 キッズ 子供 レインコート 可愛い 超軽量 通学 (ピンク, XL)	B098DWYX41	X000Y4RKFP	UPC: 703556069483	新品	不要	"--"	出品者	2
GB-PC89-CELG	[smally] 【Smart-Bear】T004 レインコート レインウェア 雨具 キッズ 子供 レインコート 可愛い 超軽量 通学 (ブルー, XL)	B098DWC943	X000Y4P29L	UPC: 703556069506	新品	不要	"--"	出品者	1
HB-E5PD-U2WL	【Smart-KM】T005 レインコート レインウェア 雨具 キッズ 子供 レインコート 可愛い 超軽量 通学 (イエロー, M)	B07K5RYSRY	X000RS958X	UPC: 703556058098	新品	不要	"--"	出品者	1
I1-DFGF-BWEG	[Smart-Bear] T008 レインコート レインウェア 雨具 キッズ 子供 レインコート 可愛い 超軽量 通学 フクロウ 梅花 熊 パイナップル (XXXL, グレー)	B07RVJTTB5	X000RJ3M0T	UPC: 703556062484	新品	不要	"--"	出品者	1
L7-MHJQ-NXY2	[Smart-Bear] W018 子供 ソックス 靴下 キッズ ガールズ お姫様 ベビー 柔らかい 春 夏 秋 通気 女の子 5足セット (イチゴ, x_l)	B093KPR8GB	X000XKQ8LR	UPC: 703556069322	新品	不要	"--"	出品者	1
LM-W2YT-YFF8	[Smart-Bear] T008 レインコート レインウェア 雨具 キッズ 子供 レインコート 可愛い 超軽量 通学 フクロウ 梅花 熊 パイナップル (XXL, グリーン)	B07RQ4PJML	X000RKHTKR	UPC: 703556062293	新品	不要	"--"	出品者	1
LV-LGP7-RH5F	[Smart-Bear] T008 レインコート レインウェア 雨具 キッズ 子供 レインコート 可愛い 超軽量 通学 フクロウ 梅花 熊 パイナップル (L, ピンク)	B07RQ5TWY8	X000RJ3N2B	UPC: 703556062330	新品	不要	"--"	出品者	1
ML-8QBG-3WLZ	【Smart-KM】T007 レインコート レインウェア 雨具 キッズ 子供 レインコート 可愛い 超軽量 通学 透明 クリア (ブラック, L)	B077VVKF43	X000RJJ4E7	UPC: 680577732759	新品	不要	"--"	出品者	1
MO-6NAH-GNZ6	【Smart-KM】T005 レインコート レインウェア 雨具 キッズ 子供 レインコート 可愛い 超軽量 通学 (ピンク, M)	B07K5S4TZ9	X000RS97BN	--	新品	不要	"--"	出品者	4
NR-5Z4P-2YBS	[Smart-Bear] W003 子供の靴下 立体 可愛い動物柄 通学 通園 キッズ ソックス 女の子 5足セット (M)	B07RNDMDMY	X000RJN8F3	UPC: 703556062729	新品	不要	"--"	出品者	10
O5-VCC0-95D9	【Smart-KM】T007 レインコート レインウェア 雨具 キッズ 子供 レインコート 可愛い 超軽量 通学 透明 クリア (ホワイト, M)	B077VSSXJX	X000R151AV	UPC: 680577732728	新品	不要	"--"	出品者	2
PK-LF7F-7NQF	【Smart-KM】T007 レインコート レインウェア 雨具 キッズ 子供 レインコート 可愛い 超軽量 通学 透明 クリア (ブラック, M)	B077VTPBC2	X000R151B5	UPC: 680577732735	新品	不要	"--"	出品者	1
PU-JOP6-FC5A	[Smart-Bear] W023 夏 ベビー 幼児用 キッズ 子供 靴下 男の子 女の子 かわいい スポーツ 無地 通気 5足セット (笑い顔, M:13?15cm(3-4歳))	B088D9QHN4	X000UNOU2L	UPC: 703556067830	新品	不要	"--"	出品者	1
S0-6P3X-ACUO	[Smart-Bear] W110 可愛い キッズ 靴下 子供 ボーイズ 靴下 男の子 ソックス 綿 抗菌防臭 吸汗吸湿 弾性 通気 柔らかい かわいい 通園通学 5足セット (XL, 自動車柄)	B0829T96PP	X000TC1RGZ	UPC: 703556066130	新品	不要	"--"	出品者	2
SE-6APE-EDI4	[smally] 【Smart-Bear】T004 レインコート レインウェア 雨具 キッズ 子供 レインコート 可愛い 超軽量 通学 (イエロー, M)	B0782VLBQ7	X000WRDPNZ	UPC: 680577733565	新品	不要	"--"	出品者	10
TR-7WMM-B1MU	[Smart-Bear] T303 キッズ レインブーツ レインシューズ 子供用 長靴 男の子 女の子 雨靴 ゴム長靴 滑り止め 通園・通学・アウトドア遊び用 完全防水 雪遊び 滑りにくい 梅雨対策 (イエロー, measurement_21_point_0_centimeters)	B089WG5M44	X000UXVQ0F	UPC: 703556068240	新品	不要	"--"	出品者	1
TR-8MGZ-II7N	[Smart-Bear] T303 キッズ レインブーツ レインシューズ 子供用 長靴 男の子 女の子 雨靴 ゴム長靴 滑り止め 通園・通学・アウトドア遊び用 完全防水 雪遊び 滑りにくい 梅雨対策 (イエロー, measurement_17_point_0_centimeters)	B089WG1M7S	X000UXVO5H	UPC: 703556068165	新品	不要	"--"	出品者	1
U2-MUDQ-N4ZK	[smally] 【Smart-Bear】T004 レインコート レインウェア 雨具 キッズ 子供 レインコート 可愛い 超軽量 通学 (ブルー, S)	B0782TQTTP	X000WRDPO9	UPC: 680577733558	新品	不要	"--"	出品者	2
X8-MI20-UUAX	【Smart-KM】T005 レインコート レインウェア 雨具 キッズ 子供 レインコート 可愛い 超軽量 通学 (ブルー, M)	B07K5S3KNK	X000RS99C5	--	新品	不要	"--"	出品者	4
ZF-2SU1-0BTA	[Smart-Bear] T003 レインコート レインウェア 雨具 キッズ 子供 レインコート 可愛い 超軽量 通学 リュック対応 トリ 果物 花柄 (L, イエロー)	B07SXR9R43	X000RS9911	UPC: 703556063436	新品	不要	"--"	出品者	1
