納品番号	FBA15DCMZ66F
納品名	FBA STA (2023/03/16 12:59)-KIX4
納品プラン番号	
納品先	KIX4
SKU 合計	43
商品合計数	59

SKU	商品名	ASIN	FNSKU	製品コード	コンディション	梱包	梱包種類	ラベル貼付	同梱
0M-7Q0M-AUVK	[enbihouse] 【Smart-Bear】T014 キッズ レインコート 女の子 子供用 レインウェア 男の子 雨具 男女兼用 小学生 レインポンチョ 防水 防風 収納ポーチ付 梅雨対策 通園 通学 入園 (イエロー, M)	B0BY6XJ9VB	X0013H7RGJ	UPC: 703556071172	新品	不要	"--"	出品者	1
1D-VMOT-FZVX	[enbihouse] 【Smart-Bear】T014 キッズ レインコート 女の子 子供用 レインウェア 男の子 雨具 男女兼用 小学生 レインポンチョ 防水 防風 収納ポーチ付 梅雨対策 通園 通学 入園 (ホワイト, M)	B0BY6XN1M5	X0013H78J5	UPC: 703556071165	新品	不要	"--"	出品者	1
1E-1J7Y-7SV3	[enbihouse] 【Smart-Bear】T014 キッズ レインコート 女の子 子供用 レインウェア 男の子 雨具 男女兼用 小学生 レインポンチョ 防水 防風 収納ポーチ付 梅雨対策 通園 通学 入園 (グリーン, S)	B0BY6ZJ1NT	X0013H4DZH	UPC: 703556071097	新品	不要	"--"	出品者	1
1H-STCE-H6HH	[enbihouse] 【Smart-Bear】T014 キッズ レインコート 女の子 子供用 レインウェア 男の子 雨具 男女兼用 小学生 レインポンチョ 防水 防風 収納ポーチ付 梅雨対策 通園 通学 入園 (ホワイト, XXXL)	B0BY6Z1CT1	X0013H4DYX	UPC: 703556071363	新品	不要	"--"	出品者	1
3T-Y9S7-7048	[Smart-Bear] W003 子供の靴下 立体 可愛い動物柄 通学 通園 キッズ ソックス 女の子 5足セット (L)	B07RNDP5VC	X000RJN7VX	UPC: 703556062736	新品	不要	"--"	出品者	5
4N-TS1E-URLE	[enbihouse] 【Smart-Bear】T014 キッズ レインコート 女の子 子供用 レインウェア 男の子 雨具 男女兼用 小学生 レインポンチョ 防水 防風 収納ポーチ付 梅雨対策 通園 通学 入園 (グリーン, M)	B0BY6ZD96C	X0013H4DYD	UPC: 703556071141	新品	不要	"--"	出品者	1
5D-6C1L-SG0Y	[enbihouse] 【Smart-Bear】T014 キッズ レインコート 女の子 子供用 レインウェア 男の子 雨具 男女兼用 小学生 レインポンチョ 防水 防風 収納ポーチ付 梅雨対策 通園 通学 入園 (ピンク, S)	B0BY6YGD64	X0013H7N63	UPC: 703556071080	新品	不要	"--"	出品者	1
5W-9KCP-F4B9	[enbihouse] 【Smart-Bear】T014 キッズ レインコート 女の子 子供用 レインウェア 男の子 雨具 男女兼用 小学生 レインポンチョ 防水 防風 収納ポーチ付 梅雨対策 通園 通学 入園 (イエロー, XXXL)	B0BY6XR3XJ	X0013H7RHD	UPC: 703556071370	新品	不要	"--"	出品者	1
7O-MN4N-UIPG	[enbihouse] 【Smart-Bear】T014 キッズ レインコート 女の子 子供用 レインウェア 男の子 雨具 男女兼用 小学生 レインポンチョ 防水 防風 収納ポーチ付 梅雨対策 通園 通学 入園 (グリーン, XL)	B0BY6X8WX1	X0013H7RHN	UPC: 703556071240	新品	不要	"--"	出品者	1
8N-WFRQ-RNEA	[enbihouse] 【Smart-Bear】T014 キッズ レインコート 女の子 子供用 レインウェア 男の子 雨具 男女兼用 小学生 レインポンチョ 防水 防風 収納ポーチ付 梅雨対策 通園 通学 入園 (ピンク, M)	B0BY6VV4DF	X0013H78KJ	UPC: 703556071134	新品	不要	"--"	出品者	1
95-EA1M-J1O6	[enbihouse] 【Smart-Bear】T014 キッズ レインコート 女の子 子供用 レインウェア 男の子 雨具 男女兼用 小学生 レインポンチョ 防水 防風 収納ポーチ付 梅雨対策 通園 通学 入園 (ピンク, XXL)	B0BY6YDPJX	X0013H7N59	UPC: 703556071288	新品	不要	"--"	出品者	1
97-W48L-K89A	【Smart-KM】S017 網タイツ レース ガーターストッキング ニーハイ セクシー ストッキング レディース 仮装 2点セット (ホワイト)	B07C7JX67Y	X000YPFN7L	--	新品	不要	"--"	出品者	5
99-KOU5-1SWZ	[enbihouse] 【Smart-Bear】T014 キッズ レインコート 女の子 子供用 レインウェア 男の子 雨具 男女兼用 小学生 レインポンチョ 防水 防風 収納ポーチ付 梅雨対策 通園 通学 入園 (イエロー, XL)	B0BY6WCFT9	X0013H7RG9	UPC: 703556071271	新品	不要	"--"	出品者	1
A8-5E1R-YROC	[Smart-Bear] P002 キッズ服 Tシャツ ズボン 男の子 女の子 パジャマ 前開きキッズ 部屋着 寝間着ルームウェア ホームサービス ベビー 長袖 ボタン トップス ショートパンツ 上下セット服 子供 春 秋 冬 七五三 誕生日 新年 (110cm, オレンジ鹿)	B07ZDF2949	X000SYHB73	UPC: 703556065799	新品	不要	"--"	出品者	2
A9-SOTV-5D6U	[enbihouse] 【Smart-Bear】T014 キッズ レインコート 女の子 子供用 レインウェア 男の子 雨具 男女兼用 小学生 レインポンチョ 防水 防風 収納ポーチ付 梅雨対策 通園 通学 入園 (ピンク, L)	B0BY6X6YJP	X0013H78JP	UPC: 703556071189	新品	不要	"--"	出品者	1
AQ-6BTG-883I	[enbihouse] 【Smart-Bear】T014 キッズ レインコート 女の子 子供用 レインウェア 男の子 雨具 男女兼用 小学生 レインポンチョ 防水 防風 収納ポーチ付 梅雨対策 通園 通学 入園 (グリーン, L)	B0BY6Y76FM	X0013H78IV	UPC: 703556071196	新品	不要	"--"	出品者	1
B1-V2N2-J8BN	【Smart-KM】T007 レインコート レインウェア 雨具 キッズ 子供 レインコート 可愛い 超軽量 通学 透明 クリア (ブラック, S)	B077VSSFGH	X000RMFHM7	--	新品	不要	"--"	出品者	1
C6-9MLK-ML5B	[enbihouse] 【Smart-Bear】T014 キッズ レインコート 女の子 子供用 レインウェア 男の子 雨具 男女兼用 小学生 レインポンチョ 防水 防風 収納ポーチ付 梅雨対策 通園 通学 入園 (イエロー, XXL)	B0BY6Y1RQS	X0013H78IL	UPC: 703556071325	新品	不要	"--"	出品者	1
D9-SJLM-TN8Z	[enbihouse] 【Smart-Bear】T014 キッズ レインコート 女の子 子供用 レインウェア 男の子 雨具 男女兼用 小学生 レインポンチョ 防水 防風 収納ポーチ付 梅雨対策 通園 通学 入園 (ブルー, XXL)	B0BY6WNKH8	X0013H7RFZ	UPC: 703556071301	新品	不要	"--"	出品者	1
EL-5EAG-3AY4	[enbihouse] 【Smart-Bear】T014 キッズ レインコート 女の子 子供用 レインウェア 男の子 雨具 男女兼用 小学生 レインポンチョ 防水 防風 収納ポーチ付 梅雨対策 通園 通学 入園 (ピンク, XL)	B0BY6Y3DTP	X0013H7N4Z	UPC: 703556071233	新品	不要	"--"	出品者	1
EO-0LNC-NHMG	[Smart-Bear] P002 キッズ服 Tシャツ ズボン 男の子 女の子 パジャマ 前開きキッズ 部屋着 寝間着ルームウェア ホームサービス ベビー 長袖 ボタン トップス ショートパンツ 上下セット服 子供 春 秋 冬 七五三 誕生日 新年 (110cm, ブルー恐竜柄)	B09NJD697S	X000ZJ41JR	UPC: 703556069933	新品	不要	"--"	出品者	2
EY-8OND-A9O0	[Smart-Bear] T303 キッズ レインブーツ レインシューズ 子供用 長靴 男の子 女の子 雨靴 ゴム長靴 滑り止め 通園・通学・アウトドア遊び用 完全防水 雪遊び 滑りにくい 梅雨対策 (ピンク, measurement_18_point_5_centimeters)	B089WGVH9V	X000UXRHRL	UPC: 703556068196	新品	不要	"--"	出品者	2
GG-8PU8-I38E	【Smart-Bear】W503 スポーツソックス プロ用スキーソックス 子供用 厚手のニット 冬用 登山 遠足 スポーツソックス 男の子 女の子 2足入り (XS(4-7歳), ピンク)	B0BLKRVXVT	X0012D0GL7	UPC: 703556070908	新品	不要	"--"	出品者	2
HI-TG46-Q9JP	[enbihouse] 【Smart-Bear】T014 キッズ レインコート 女の子 子供用 レインウェア 男の子 雨具 男女兼用 小学生 レインポンチョ 防水 防風 収納ポーチ付 梅雨対策 通園 通学 入園 (ブルー, XXXL)	B0BY6YDY6Y	X0013H4DYN	UPC: 703556071356	新品	不要	"--"	出品者	1
JH-BRB8-8A64	[enbihouse] 【Smart-Bear】T014 キッズ レインコート 女の子 子供用 レインウェア 男の子 雨具 男女兼用 小学生 レインポンチョ 防水 防風 収納ポーチ付 梅雨対策 通園 通学 入園 (グリーン, XXL)	B0BY6Y2T26	X0013H7N5T	UPC: 703556071295	新品	不要	"--"	出品者	1
KH-0RZG-S1GO	[enbihouse] 【Smart-Bear】T010 レインコート レインウェア 雨具 キッズ 子供 レインコート 可愛い 超軽量 通学 フクロウ 雪の女王 Frozen (ピンク, M)	B07RP5YSYZ	X000RJ3OC5	UPC: 703556062590	新品	不要	"--"	出品者	1
KZ-L0ZF-BAIE	[enbihouse] 【Smart-Bear】T014 キッズ レインコート 女の子 子供用 レインウェア 男の子 雨具 男女兼用 小学生 レインポンチョ 防水 防風 収納ポーチ付 梅雨対策 通園 通学 入園 (ホワイト, XL)	B0BY6XXLKC	X0013H4DY3	UPC: 703556071264	新品	不要	"--"	出品者	1
L7-WXI9-AW9P	[enbihouse] 【Smart-Bear】T010 レインコート レインウェア 雨具 キッズ 子供 レインコート 可愛い 超軽量 通学 フクロウ 雪の女王 Frozen (ピンク, XXL)	B07RP6Q7SK	X000RMG0AZ	UPC: 703556062620	新品	不要	"--"	出品者	2
LD-I0VS-L6WL	【Smart-Bear】P001 子供用長袖パジャマ 男の子と女の子の下着子供の秋服セット綿の下着子供用コットンセーターパジャマ 丈夫で快適 綿100％ルームウェア長袖パジャマ上下セットパジャマ 2点セット子供服 長袖 寝間着 上下セット (90cm, ピンクペンギン)	B07ZDF918T	X000SYG7KP	UPC: 703556065676	新品	不要	"--"	出品者	2
NO-5NZM-WTCJ	[enbihouse] 【Smart-Bear】T014 キッズ レインコート 女の子 子供用 レインウェア 男の子 雨具 男女兼用 小学生 レインポンチョ 防水 防風 収納ポーチ付 梅雨対策 通園 通学 入園 (イエロー, L)	B0BY6Y55JG	X0013H7RH3	UPC: 703556071226	新品	不要	"--"	出品者	1
OS-3IW5-CNQS	[enbihouse] 【Smart-Bear】T014 キッズ レインコート 女の子 子供用 レインウェア 男の子 雨具 男女兼用 小学生 レインポンチョ 防水 防風 収納ポーチ付 梅雨対策 通園 通学 入園 (ホワイト, XXL)	B0BY715359	X0013H4DZ7	UPC: 703556071318	新品	不要	"--"	出品者	1
PK-LF7F-7NQF	【Smart-KM】T007 レインコート レインウェア 雨具 キッズ 子供 レインコート 可愛い 超軽量 通学 透明 クリア (ブラック, M)	B077VTPBC2	X000R151B5	UPC: 680577732735	新品	不要	"--"	出品者	1
PL-VHBQ-80TP	[enbihouse] 【Smart-Bear】T014 キッズ レインコート 女の子 子供用 レインウェア 男の子 雨具 男女兼用 小学生 レインポンチョ 防水 防風 収納ポーチ付 梅雨対策 通園 通学 入園 (ブルー, M)	B0BY6Y6SDF	X0013H78JF	UPC: 703556071158	新品	不要	"--"	出品者	1
PP-PFD9-XBOG	[enbihouse] 【Smart-Bear】T014 キッズ レインコート 女の子 子供用 レインウェア 男の子 雨具 男女兼用 小学生 レインポンチョ 防水 防風 収納ポーチ付 梅雨対策 通園 通学 入園 (ブルー, XL)	B0BY6YVDBY	X0013H78JZ	UPC: 703556071257	新品	不要	"--"	出品者	1
QL-NTBA-518O	[enbihouse] 【Smart-Bear】T014 キッズ レインコート 女の子 子供用 レインウェア 男の子 雨具 男女兼用 小学生 レインポンチョ 防水 防風 収納ポーチ付 梅雨対策 通園 通学 入園 (ピンク, XXXL)	B0BY6XXLK8	X0013H7N5J	UPC: 703556071332	新品	不要	"--"	出品者	1
QR-7AAU-KL2U	[enbihouse] 【Smart-Bear】T014 キッズ レインコート 女の子 子供用 レインウェア 男の子 雨具 男女兼用 小学生 レインポンチョ 防水 防風 収納ポーチ付 梅雨対策 通園 通学 入園 (ホワイト, S)	B0BY6Y6VHY	X0013H7N4P	UPC: 703556071110	新品	不要	"--"	出品者	1
RU-LP1Z-PYF0	[enbihouse] 【Smart-Bear】T014 キッズ レインコート 女の子 子供用 レインウェア 男の子 雨具 男女兼用 小学生 レインポンチョ 防水 防風 収納ポーチ付 梅雨対策 通園 通学 入園 (ホワイト, L)	B0BY6XDGL5	X0013H7RGT	UPC: 703556071219	新品	不要	"--"	出品者	1
SE-4OZF-CDIX	[enbihouse] 【Smart-Bear】T014 キッズ レインコート 女の子 子供用 レインウェア 男の子 雨具 男女兼用 小学生 レインポンチョ 防水 防風 収納ポーチ付 梅雨対策 通園 通学 入園 (ブルー, L)	B0BY6XB2MH	X0013H7N4F	UPC: 703556071202	新品	不要	"--"	出品者	1
UE-92IH-0OO1	[enbihouse] 【Smart-Bear】T014 キッズ レインコート 女の子 子供用 レインウェア 男の子 雨具 男女兼用 小学生 レインポンチョ 防水 防風 収納ポーチ付 梅雨対策 通園 通学 入園 (イエロー, S)	B0BY6Y85CZ	X0013H78IB	UPC: 703556071127	新品	不要	"--"	出品者	1
VA-NOZU-9KO4	[enbihouse] 【Smart-Bear】T014 キッズ レインコート 女の子 子供用 レインウェア 男の子 雨具 男女兼用 小学生 レインポンチョ 防水 防風 収納ポーチ付 梅雨対策 通園 通学 入園 (グリーン, XXXL)	B0BY715356	X0013H4DXT	UPC: 703556071349	新品	不要	"--"	出品者	1
VU-QDYI-7KA0	[enbihouse] 【Smart-Bear】T014 キッズ レインコート 女の子 子供用 レインウェア 男の子 雨具 男女兼用 小学生 レインポンチョ 防水 防風 収納ポーチ付 梅雨対策 通園 通学 入園 (ブルー, S)	B0BY6XGKXC	X0013H78K9	UPC: 703556071103	新品	不要	"--"	出品者	1
XN-MFE0-GATL	[Smart-Bear] P002 キッズ服 Tシャツ ズボン 男の子 女の子 パジャマ 前開きキッズ 部屋着 寝間着ルームウェア ホームサービス ベビー 長袖 ボタン トップス ショートパンツ 上下セット服 子供 春 秋 冬 七五三 誕生日 新年 (140cm, 自動車柄)	B09NJBQTNV	X000ZJ41MJ	UPC: 703556069902	新品	不要	"--"	出品者	2
YZ-CNWL-I4W6	【Smart-Bear】W503 スポーツソックス プロ用スキーソックス 子供用 厚手のニット 冬用 登山 遠足 スポーツソックス 男の子 女の子 2足入り (S(7-12歳), ピンク)	B0BLKRMCKG	X0012D0K8L	UPC: 703556070915	新品	不要	"--"	出品者	2
