納品番号	FBA15DDP7GKS
納品名	FBA STA (2023/04/19 07:23)-KIX4
納品プラン番号	
納品先	KIX4
SKU 合計	40
商品合計数	111

SKU	商品名	ASIN	FNSKU	製品コード	コンディション	梱包	梱包種類	ラベル貼付	同梱
49-XIYM-U7XE	[Smart-Bear] T303 キッズ レインブーツ レインシューズ 子供用 長靴 男の子 女の子 雨靴 ゴム長靴 滑り止め 通園・通学・アウトドア遊び用 完全防水 雪遊び 滑りにくい 梅雨対策 (イエロー, measurement_18_point_5_centimeters)	B089WH2RHR	X000UXVQ1J	UPC: 703556068189	新品	不要	"--"	出品者	1
5E-IANH-I1KD	[Smart-Bear] T303 キッズ レインブーツ レインシューズ 子供用 長靴 男の子 女の子 雨靴 ゴム長靴 滑り止め 通園・通学・アウトドア遊び用 完全防水 雪遊び 滑りにくい 梅雨対策 (イエロー, measurement_16_point_0_centimeters)	B089WGVVVS	X000UXVO61	UPC: 703556068141	新品	不要	"--"	出品者	2
6I-0H96-18IA	【Smart-KM】T007 レインコート レインウェア 雨具 キッズ 子供 レインコート 可愛い 超軽量 通学 透明 クリア (ブラック, XXL)	B077VWS1WM	X000RJIWPT	--	新品	不要	"--"	出品者	6
8Q-579N-RMNK	【Smart-KM】S017 網タイツ レース ガーターストッキング ニーハイ セクシー ストッキング レディース 仮装 2点セット (ピンク)	B07C76HLX1	X000YPEK2Z	UPC: 706352696440	新品	不要	"--"	出品者	2
97-W48L-K89A	【Smart-KM】S017 網タイツ レース ガーターストッキング ニーハイ セクシー ストッキング レディース 仮装 2点セット (ホワイト)	B07C7JX67Y	X000YPFN7L	--	新品	不要	"--"	出品者	9
9L-84XW-ZW1C	【Smart-KM】T005 レインコート レインウェア 雨具 キッズ 子供 レインコート 可愛い 超軽量 通学 (ブルー, S)	B07K5S1K82	X000RT577Z	--	新品	不要	"--"	出品者	2
9Z-9UTZ-BE8A	[Smart-Bear] P002 キッズ服 Tシャツ ズボン 男の子 女の子 パジャマ 前開きキッズ 部屋着 寝間着ルームウェア ホームサービス ベビー 長袖 ボタン トップス ショートパンツ 上下セット服 子供 春 秋 冬 七五三 誕生日 新年 (100cm, バス柄)	B09NSNCVGG	X000ZKDDR7	UPC: 703556070045	新品	不要	"--"	出品者	1
AF-0BOJ-58FU	[Smart-Bear] T008 レインコート レインウェア 雨具 キッズ 子供 レインコート 可愛い 超軽量 通学 フクロウ 梅花 熊 パイナップル (M, ピンク)	B07RP5RVVV	X000RJ3N49	UPC: 703556062323	新品	不要	"--"	出品者	3
B1-V2N2-J8BN	【Smart-KM】T007 レインコート レインウェア 雨具 キッズ 子供 レインコート 可愛い 超軽量 通学 透明 クリア (ブラック, S)	B077VSSFGH	X000RMFHM7	--	新品	不要	"--"	出品者	2
CT-Q374-BJ1E	[Smart-Bear] T308 キッズ レインブーツ レインシューズ 子供用 長靴 男の子 女の子 雨靴 ゴム長靴 滑り止め 通園・通学・アウトドア遊び用 完全防水 雪遊び 滑りにくい 梅雨対策 (ピンク, measurement_19_point_0_centimeters)	B089Y5Q82W	X000UXXDJH	UPC: 703556068523	新品	不要	"--"	出品者	1
DH-BSJW-QLKQ	【Smart-Bear】W401 赤ちゃん 膝当て 二ーパッド 出産祝い 滑り止め 柔らか 膝サポーター 怪我防止 メッシュ 通気 可愛い柄 2色セット (2組セット, ライオン2色セット)	B093G83MXN	X000XK93N7	UPC: 703556069292	新品	不要	"--"	出品者	2
EC-FOVX-FOBJ	【Smart-KM】S017 網タイツ レース ガーターストッキング ニーハイ セクシー ストッキング レディース 仮装 2点セット(バラ)	B07C76HMBS	X000YPFQBT	UPC: 706352696419	新品	不要	"--"	出品者	6
EM-GSK7-J02B	[Smart-Bear] T003 レインコート レインウェア 雨具 キッズ 子供 レインコート 可愛い 超軽量 通学 リュック対応 トリ 果物 花柄 (S, ピンク)	B07STH5GK7	X000RQCC3Z	UPC: 703556063368	新品	不要	"--"	出品者	2
EQ-E9S7-QXE3	【Smart-KM】T005 レインコート レインウェア 雨具 キッズ 子供 レインコート 可愛い 超軽量 通学 (イエロー, S)	B07K5QMCP2	X000RT5CCP	--	新品	不要	"--"	出品者	2
F6-ONE1-992E	[Smart-Bear] T008 レインコート レインウェア 雨具 キッズ 子供 レインコート 可愛い 超軽量 通学 フクロウ 梅花 熊 パイナップル (XXXL, ピンク)	B07RN5DNXS	X000RMF9L1	UPC: 703556062361	新品	不要	"--"	出品者	3
FN-VIR3-GDHQ	[Smart-Bear] T008 レインコート レインウェア 雨具 キッズ 子供 レインコート 可愛い 超軽量 通学 フクロウ 梅花 熊 パイナップル (XL, ピンク)	B07RN3R4CY	X000RJ3M1D	UPC: 703556062347	新品	不要	"--"	出品者	3
GM-LRGS-Y4VG	[Smart-Bear] P002 キッズ服 Tシャツ ズボン 男の子 女の子 パジャマ 前開きキッズ 部屋着 寝間着ルームウェア ホームサービス ベビー 長袖 ボタン トップス ショートパンツ 上下セット服 子供 春 秋 冬 七五三 誕生日 新年 (130cm, キリン柄)	B09NHPKPWB	X000ZJ3JEP	UPC: 703556069834	新品	不要	"--"	出品者	1
H3-D2Y7-HO7V	[enbihouse] 【Smart-Bear】T010 レインコート レインウェア 雨具 キッズ 子供 レインコート 可愛い 超軽量 通学 フクロウ 雪の女王 Frozen (ブルー, M)	B07RTGGKQP	X000RKIE0L	UPC: 703556062545	新品	不要	"--"	出品者	3
HM-5URZ-2K38	【Smart-KM】S017 網タイツ レース ガーターストッキング ニーハイ セクシー ストッキング レディース 仮装 2点セット (パープル)	B07C7KGKBH	X000YPEORV	UPC: 706352696457	新品	不要	"--"	出品者	1
JQ-MLRE-AH9L	【Smart-KM】S017 網タイツ レース ガーターストッキング ニーハイ セクシー ストッキング レディース 仮装 2点セット (ブラック)	B07C7NS57M	X000YPEOAN	--	新品	不要	"--"	出品者	1
L7-WXI9-AW9P	[enbihouse] 【Smart-Bear】T010 レインコート レインウェア 雨具 キッズ 子供 レインコート 可愛い 超軽量 通学 フクロウ 雪の女王 Frozen (ピンク, XXL)	B07RP6Q7SK	X000RMG0AZ	UPC: 703556062620	新品	不要	"--"	出品者	5
LR-3KLG-FCBD	[Smart-KM] S017 網タイツ レース ガーターストッキング ニーハイ セクシー ストッキング レディース 仮装 2点セット (三色セットB)	B09P8V2ZC7	X000ZN6XDP	UPC: 703556070113	新品	不要	"--"	出品者	5
M5-KPD9-RB5V	[enbihouse] 【Smart-Bear】T010 レインコート レインウェア 雨具 キッズ 子供 レインコート 可愛い 超軽量 通学 フクロウ 雪の女王 Frozen (ピンク, L)	B07RP581QF	X000RKID9X	UPC: 703556062606	新品	不要	"--"	出品者	6
M7-PIGM-QQAP	[Smart-Bear] P002 キッズ服 Tシャツ ズボン 男の子 女の子 パジャマ 前開きキッズ 部屋着 寝間着ルームウェア ホームサービス ベビー 長袖 ボタン トップス ショートパンツ 上下セット服 子供 春 秋 冬 七五三 誕生日 新年 (110cm, バス柄)	B09NSN9VVQ	X000ZKDUJN	UPC: 703556070052	新品	不要	"--"	出品者	1
M9-CRQJ-1EUU	【Smart-KM】T007 レインコート レインウェア 雨具 キッズ 子供 レインコート 可愛い 超軽量 通学 透明 クリア (ブラック, XL)	B077VSVXYC	X000R151AL	UPC: 680577732773	新品	不要	"--"	出品者	4
MH-OWU7-QZ6B	【Smart-KM】T007 レインコート レインウェア 雨具 キッズ 子供 レインコート 可愛い 超軽量 通学 透明 クリア (ホワイト, XXL)	B077VYDWWP	X000R15J6H	--	新品	不要	"--"	出品者	1
ML-8QBG-3WLZ	【Smart-KM】T007 レインコート レインウェア 雨具 キッズ 子供 レインコート 可愛い 超軽量 通学 透明 クリア (ブラック, L)	B077VVKF43	X000RJJ4E7	UPC: 680577732759	新品	不要	"--"	出品者	4
N4-FJS5-AX0C	[Smart-Bear] T306 キッズ レインブーツ レインシューズ 子供用 長靴 男の子 女の子 雨靴 ゴム長靴 滑り止め 通園・通学・アウトドア遊び用 完全防水 雪遊び 滑りにくい 梅雨対策 プルハンドル付き (サメ柄, measurement_18_point_5_centimeters)	B089WGPBWW	X000UXVU8X	UPC: 703556068295	新品	不要	"--"	出品者	1
N7-DJHE-BRRC	[Smart-KM] S017 網タイツ レース ガーターストッキング ニーハイ セクシー ストッキング レディース 仮装 2点セット (三色セットA)	B09P8SVSXS	X000ZN76Q3	UPC: 703556070106	新品	不要	"--"	出品者	2
N9-GB8J-KI9M	【Smart-KM】T005 レインコート レインウェア 雨具 キッズ 子供 レインコート 可愛い 超軽量 通学 (イエロー, L)	B07K5S9ZFC	X000RS958N	UPC: 703556058128	新品	不要	"--"	出品者	1
O5-VCC0-95D9	【Smart-KM】T007 レインコート レインウェア 雨具 キッズ 子供 レインコート 可愛い 超軽量 通学 透明 クリア (ホワイト, M)	B077VSSXJX	X000R151AV	UPC: 680577732728	新品	不要	"--"	出品者	2
PK-LF7F-7NQF	【Smart-KM】T007 レインコート レインウェア 雨具 キッズ 子供 レインコート 可愛い 超軽量 通学 透明 クリア (ブラック, M)	B077VTPBC2	X000R151B5	UPC: 680577732735	新品	不要	"--"	出品者	5
SE-6APE-EDI4	[smally] 【Smart-Bear】T004 レインコート レインウェア 雨具 キッズ 子供 レインコート 可愛い 超軽量 通学 (イエロー, M)	B0782VLBQ7	X000WRDPNZ	UPC: 680577733565	新品	不要	"--"	出品者	9
SI-EW2B-SYU1	【Smart-Bear】T101 フード付きタオル 子供用 マントバスタオル ビーチタオル 子ども 超吸収性 赤ちゃんポンチョ 綿 お風呂 プール ベビー 便利 柔らかい コットンバスタオル 鰐 ワニ 一角獣 ユニコーン (ユニコーン)	B07RRD55DH	X000RJLK1R	UPC: 703556062637	新品	不要	"--"	出品者	1
U2-MUDQ-N4ZK	[smally] 【Smart-Bear】T004 レインコート レインウェア 雨具 キッズ 子供 レインコート 可愛い 超軽量 通学 (ブルー, S)	B0782TQTTP	X000WRDPO9	UPC: 680577733558	新品	不要	"--"	出品者	4
UC-ZL16-GS2Z	[Smart-Bear] P002 キッズ服 Tシャツ ズボン 男の子 女の子 パジャマ 前開きキッズ 部屋着 寝間着ルームウェア ホームサービス ベビー 長袖 ボタン トップス ショートパンツ 上下セット服 子供 春 秋 冬 七五三 誕生日 新年 (120cm, バス柄)	B09NSMQLBW	X000ZKDVVP	UPC: 703556070069	新品	不要	"--"	出品者	1
UJ-OP0B-GO35	[Smart-Bear] T003 レインコート レインウェア 雨具 キッズ 子供 レインコート 可愛い 超軽量 通学 リュック対応 トリ 果物 花柄 (XXL, イエロー)	B07SWQ5NN2	X000RRDNH3	UPC: 703556063450	新品	不要	"--"	出品者	1
VF-4T5V-BQWE	【Smart-Bear】W401 赤ちゃん 膝当て 二ーパッド 出産祝い 滑り止め 柔らか 膝サポーター 怪我防止 メッシュ 通気 可愛い柄 2色セット (2組セット, ウサギ2色セット)	B093G8RXDS	X000XK9IOL	UPC: 703556069315	新品	不要	"--"	出品者	1
YV-GX4F-U1JK	【Smart-KM】T007 レインコート レインウェア 雨具 キッズ 子供 レインコート 可愛い 超軽量 通学 透明 クリア (ホワイト, L)	B077VSN4H6	X000R15J6R	UPC: 680577732742	新品	不要	"--"	出品者	3
ZP-THGH-ZY7D	【Smart-Bear】T011 キッズ レインコート 女の子 子供用 レインウェア 男の子 雨具 男女兼用 小学生 レインポンチョ 防水 防風 収納ポーチ付 梅雨対策 通園 通学 入園 (イエローライオン, XXL)	B0B1VM5KN9	X0010V05YT	UPC: 703556070366	新品	不要	"--"	出品者	1
