納品番号	FBA15DDVKGKY
納品名	FBA STA (2023/04/24 23:37)-KIX4
納品プラン番号	
納品先	KIX4
SKU 合計	40
商品合計数	94

SKU	商品名	ASIN	FNSKU	製品コード	コンディション	梱包	梱包種類	ラベル貼付	同梱
1Y-5L5D-QYMK	【Smart-Bear】W401 赤ちゃん 膝当て 二ーパッド 出産祝い 滑り止め 柔らか 膝サポーター 怪我防止 メッシュ 通気 可愛い柄 2色セット (2組セット, クマ2色セット)	B093G8VPJL	X000XK93NH	UPC: 703556069308	新品	不要	"--"	出品者	4
22-BGZI-G4D5	[smally] 【Smart-Bear】T004 レインコート レインウェア 雨具 キッズ 子供 レインコート 可愛い 超軽量 通学 (ブルー, M)	B0782YMNPM	X000WRDOQN	UPC: 680577733589	新品	不要	"--"	出品者	1
3T-Y9S7-7048	[Smart-Bear] W003 子供の靴下 立体 可愛い動物柄 通学 通園 キッズ ソックス 女の子 5足セット (L)	B07RNDP5VC	X000RJN7VX	UPC: 703556062736	新品	不要	"--"	出品者	4
4O-JFNX-RKMV	[Smart-Bear] W007 子供の靴下 ソックス 夏 メッシュ素材 可愛い お姫様 学生用 通園 通学 男女兼用 吸湿 通気 5足セット (L, 男)	B07RRL7Q84	X000RLHM0N	UPC: 703556063085	新品	不要	"--"	出品者	2
53-C8NZ-UF4D	[smally] 【Smart-Bear】T004 レインコート レインウェア 雨具 キッズ 子供 レインコート 可愛い 超軽量 通学 (イエロー, L)	B0786KYY7Y	X000WRDOQ3	--	新品	不要	"--"	出品者	3
5E-IANH-I1KD	[Smart-Bear] T303 キッズ レインブーツ レインシューズ 子供用 長靴 男の子 女の子 雨靴 ゴム長靴 滑り止め 通園・通学・アウトドア遊び用 完全防水 雪遊び 滑りにくい 梅雨対策 (イエロー, measurement_16_point_0_centimeters)	B089WGVVVS	X000UXVO61	UPC: 703556068141	新品	不要	"--"	出品者	1
6I-0H96-18IA	【Smart-KM】T007 レインコート レインウェア 雨具 キッズ 子供 レインコート 可愛い 超軽量 通学 透明 クリア (ブラック, XXL)	B077VWS1WM	X000RJIWPT	--	新品	不要	"--"	出品者	1
8I-RTUV-OM87	[Smart-Bear] W022 可愛い キッズ 子供 靴下 ソックス 豚 パンダ 動物柄 くるぶし ジュニア 通気 メッシュ くつした 男の子 女の子 ソックス 綿 5足セット (動物柄, M:13?15cm(3-4歳))	B09QHX365G	X000ZT0CEZ	UPC: 703556070137	新品	不要	"--"	出品者	1
8Q-579N-RMNK	【Smart-KM】S017 網タイツ レース ガーターストッキング ニーハイ セクシー ストッキング レディース 仮装 2点セット (ピンク)	B07C76HLX1	X000YPEK2Z	UPC: 706352696440	新品	不要	"--"	出品者	1
8Q-VTYS-YQ5Z	[Smart-Bear] W005 子供の靴下 男の子 女の子 ソックス 通園 通学 抗菌 通気性 5足セット (L)	B07RNDQ5S7	X000RMJ4KD	UPC: 703556062811	新品	不要	"--"	出品者	4
91-7A3K-7U8I	[Smart-Bear] W003 子供の靴下 立体 可愛い動物柄 通学 通園 キッズ ソックス 女の子 5足セット (S)	B07RRJ3RVV	X000RJN8FD	UPC: 703556062712	新品	不要	"--"	出品者	5
97-W48L-K89A	【Smart-KM】S017 網タイツ レース ガーターストッキング ニーハイ セクシー ストッキング レディース 仮装 2点セット (ホワイト)	B07C7JX67Y	X000YPFN7L	--	新品	不要	"--"	出品者	2
AF-0BOJ-58FU	[Smart-Bear] T008 レインコート レインウェア 雨具 キッズ 子供 レインコート 可愛い 超軽量 通学 フクロウ 梅花 熊 パイナップル (M, ピンク)	B07RP5RVVV	X000RJ3N49	UPC: 703556062323	新品	不要	"--"	出品者	1
C6-9MLK-ML5B	[enbihouse] 【Smart-Bear】T014 キッズ レインコート 女の子 子供用 レインウェア 男の子 雨具 男女兼用 小学生 レインポンチョ 防水 防風 収納ポーチ付 梅雨対策 通園 通学 入園 (イエロー, XXL)	B0BY6Y1RQS	X0013H78IL	UPC: 703556071325	新品	不要	"--"	出品者	2
C8-VY3A-HL06	[Smart-Bear] W005 子供の靴下 男の子 女の子 ソックス 通園 通学 抗菌 通気性 5足セット (M)	B07RRJ5TNV	X000RJ6T1D	UPC: 703556062804	新品	不要	"--"	出品者	4
CB-0QZI-OQCR	【Smart-Bear】T101 フード付きタオル 子供用 マントバスタオル ビーチタオル 子ども 超吸収性 赤ちゃんポンチョ 綿 お風呂 プール ベビー 便利 柔らかい コットンバスタオル 鰐 ワニ 一角獣 ユニコーン (ワニ)	B07RRCXLD1	X000R1AUDJ	UPC: 703556062644	新品	不要	"--"	出品者	3
CT-Q374-BJ1E	[Smart-Bear] T308 キッズ レインブーツ レインシューズ 子供用 長靴 男の子 女の子 雨靴 ゴム長靴 滑り止め 通園・通学・アウトドア遊び用 完全防水 雪遊び 滑りにくい 梅雨対策 (ピンク, measurement_19_point_0_centimeters)	B089Y5Q82W	X000UXXDJH	UPC: 703556068523	新品	不要	"--"	出品者	2
D7-IW96-J4L1	[enbihouse] 【Smart-Bear】T010 レインコート レインウェア 雨具 キッズ 子供 レインコート 可愛い 超軽量 通学 フクロウ 雪の女王 Frozen (ピンク, S)	B07RQ4V5TL	X000RKI9WT	UPC: 703556062583	新品	不要	"--"	出品者	1
DU-P06F-VJBB	[enbihouse] 【Smart-Bear】T010 レインコート レインウェア 雨具 キッズ 子供 レインコート 可愛い 超軽量 通学 フクロウ 雪の女王 Frozen (ブルー, XL)	B07RTHQ2KZ	X000RJ3OBB	UPC: 703556062569	新品	不要	"--"	出品者	2
E5-S2IA-ES96	【Smart-KM】T005 レインコート レインウェア 雨具 キッズ 子供 レインコート 可愛い 超軽量 通学 (ブルー, L)	B07K5SBZLJ	X000RU1IF9	UPC: 703556058142	新品	不要	"--"	出品者	3
EC-FOVX-FOBJ	【Smart-KM】S017 網タイツ レース ガーターストッキング ニーハイ セクシー ストッキング レディース 仮装 2点セット(バラ)	B07C76HMBS	X000YPFQBT	UPC: 706352696419	新品	不要	"--"	出品者	1
HR-B1DE-AHZ2	【Smart-Bear】P001 子供用長袖パジャマ 男の子と女の子の下着子供の秋服セット綿の下着子供用コットンセーターパジャマ 丈夫で快適 綿100％ルームウェア長袖パジャマ上下セットパジャマ 2点セット子供服 長袖 寝間着 上下セット (110cm, ピンクペンギン)	B07ZDDL9MM	X000SYGKAH	UPC: 703556065690	新品	不要	"--"	出品者	2
IL-1DYL-IXMN	[Smart-Bear] W101 立体 可愛い動物柄 通学 通園 靴下 キッズ ソックス 女の子 ソックス カラーフル 5足セット (M)	B07STZQL61	X000RTDFPB	UPC: 703556063610	新品	不要	"--"	出品者	2
JQ-MLRE-AH9L	【Smart-KM】S017 網タイツ レース ガーターストッキング ニーハイ セクシー ストッキング レディース 仮装 2点セット (ブラック)	B07C7NS57M	X000YPEOAN	--	新品	不要	"--"	出品者	10
JW-V3Y7-VVWA	[Smart-Bear] W001 子供の靴下 ソックス 綿 メッシュ素材 薄型 春夏適用 通学 男の子 女の子 キッズ 通園 通学 5足セット (L)	B0888BTMJQ	X000UMZPWB	UPC: 703556067625	新品	不要	"--"	出品者	3
LR-3KLG-FCBD	[Smart-KM] S017 網タイツ レース ガーターストッキング ニーハイ セクシー ストッキング レディース 仮装 2点セット (三色セットB)	B09P8V2ZC7	X000ZN6XDP	UPC: 703556070113	新品	不要	"--"	出品者	1
M9-CRQJ-1EUU	【Smart-KM】T007 レインコート レインウェア 雨具 キッズ 子供 レインコート 可愛い 超軽量 通学 透明 クリア (ブラック, XL)	B077VSVXYC	X000R151AL	UPC: 680577732773	新品	不要	"--"	出品者	1
M9-RIG5-DRKF	[Smart-Bear] W101 立体 可愛い動物柄 通学 通園 靴下 キッズ ソックス 女の子 ソックス カラーフル 5足セット (L)	B07SV1BD6S	X000RU9VA3	UPC: 703556063627	新品	不要	"--"	出品者	2
MA-QSR9-916V	[smally] 【Smart-Bear】T004 レインコート レインウェア 雨具 キッズ 子供 レインコート 可愛い 超軽量 通学 (ピンク, L)	B0782PTKL2	X000WRECM3	UPC: 680577733602	新品	不要	"--"	出品者	1
MD-6D6Z-EUFT	【Smart-Bear】T012 キッズ レインコート 女の子 子供用 レインウェア 雨具 小学生 レインポンチョ 防水 防風 収納ポーチ付 梅雨対策 通園 通学 入園 (ウサギ, L)	B0B1VQ33GC	X0010V0KH1	UPC: 703556070441	新品	不要	"--"	出品者	2
N7-DJHE-BRRC	[Smart-KM] S017 網タイツ レース ガーターストッキング ニーハイ セクシー ストッキング レディース 仮装 2点セット (三色セットA)	B09P8SVSXS	X000ZN76Q3	UPC: 703556070106	新品	不要	"--"	出品者	2
NR-5Z4P-2YBS	[Smart-Bear] W003 子供の靴下 立体 可愛い動物柄 通学 通園 キッズ ソックス 女の子 5足セット (M)	B07RNDMDMY	X000RJN8F3	UPC: 703556062729	新品	不要	"--"	出品者	5
OT-1NRN-02AU	【Smart-Bear】P001 子供用長袖パジャマ 男の子と女の子の下着子供の秋服セット綿の下着子供用コットンセーターパジャマ 丈夫で快適 綿100％ルームウェア長袖パジャマ上下セットパジャマ 2点セット子供服 長袖 寝間着 上下セット (120cm, Best layers)	B07ZDD72KP	X000SYGQ5B	UPC: 703556065751	新品	不要	"--"	出品者	1
PK-LF7F-7NQF	【Smart-KM】T007 レインコート レインウェア 雨具 キッズ 子供 レインコート 可愛い 超軽量 通学 透明 クリア (ブラック, M)	B077VTPBC2	X000R151B5	UPC: 680577732735	新品	不要	"--"	出品者	1
PP-PFD9-XBOG	[enbihouse] 【Smart-Bear】T014 キッズ レインコート 女の子 子供用 レインウェア 男の子 雨具 男女兼用 小学生 レインポンチョ 防水 防風 収納ポーチ付 梅雨対策 通園 通学 入園 (ブルー, XL)	B0BY6YVDBY	X0013H78JZ	UPC: 703556071257	新品	不要	"--"	出品者	2
SI-EW2B-SYU1	【Smart-Bear】T101 フード付きタオル 子供用 マントバスタオル ビーチタオル 子ども 超吸収性 赤ちゃんポンチョ 綿 お風呂 プール ベビー 便利 柔らかい コットンバスタオル 鰐 ワニ 一角獣 ユニコーン (ユニコーン)	B07RRD55DH	X000RJLK1R	UPC: 703556062637	新品	不要	"--"	出品者	6
T8-FSOJ-B0V1	【Smart-KM】S017 網タイツ レース ガーターストッキング ニーハイ セクシー ストッキング レディース 仮装 2点セット (レッド)	B07C7PVL42	X000YPFNUN	UPC: 706352696464	新品	不要	"--"	出品者	1
TJ-CNH6-19LX	【Smart-Bear】P001 子供用長袖パジャマ 男の子と女の子の下着子供の秋服セット綿の下着子供用コットンセーターパジャマ 丈夫で快適 綿100％ルームウェア長袖パジャマ上下セットパジャマ 2点セット子供服 長袖 寝間着 上下セット (120cm, ピンクペンギン)	B07ZDDGYCG	X000SYG7KF	UPC: 703556065706	新品	不要	"--"	出品者	2
U0-2W5T-JP0A	【Smart-KM】T007 レインコート レインウェア 雨具 キッズ 子供 レインコート 可愛い 超軽量 通学 透明 クリア (ホワイト, XL)	B077VT3Z3N	X000RMFHMH	UPC: 680577732766	新品	不要	"--"	出品者	1
YV-GX4F-U1JK	【Smart-KM】T007 レインコート レインウェア 雨具 キッズ 子供 レインコート 可愛い 超軽量 通学 透明 クリア (ホワイト, L)	B077VSN4H6	X000R15J6R	UPC: 680577732742	新品	不要	"--"	出品者	1
